{"AUC": 0.9484350726721995, "confusion_matrix": {"_type": "image-file", "sha256": "529ee1ac4a895d2dda17df68e045622a945ea4fa68c505a571ef9b05fa44f1a0", "size": 94611, "path": "media/images/confusion_matrix_0_529ee1ac4a895d2dda17.png", "format": "png", "width": 1000, "height": 1000}, "_timestamp": 1756404430.9551985, "_runtime": 6.27360463142395, "_step": 0, "_wandb": {"runtime": 5}}